filename,n_above_from_start,n_below_from_end
sub-01_task-EpiTest_echo-1_part-mag_bold.nii,5,5
sub-01_task-breathing_run-1_echo-1_part-mag_bold.nii,299,5
sub-01_task-movie_run-1_echo-1_part-mag_bold.nii,299,5
sub-01_task-movie_run-2_echo-1_part-mag_bold.nii,299,5
sub-01_task-wnw_run-1_echo-1_part-mag_bold.nii,340,5
sub-01_task-wnw_run-2_echo-1_part-mag_bold.nii,340,5
sub-01_task-wnw_run-3_echo-1_part-mag_bold.nii,340,5
sub-02_task-EpiTest_echo-1_part-mag_bold.nii,5,5
sub-02_task-breathing_run-1_echo-1_part-mag_bold.nii,299,5
sub-02_task-breathing_run-2_echo-1_part-mag_bold.nii,299,5
sub-02_task-movie_run-1_echo-1_part-mag_bold.nii,299,5
sub-02_task-movie_run-2_echo-1_part-mag_bold.nii,299,5
sub-02_task-wnw_run-1_echo-1_part-mag_bold.nii,343,5
sub-02_task-wnw_run-2_echo-1_part-mag_bold.nii,343,5
sub-02_task-wnw_run-3_echo-1_part-mag_bold.nii,343,5
sub-03_task-EpiTestPA_echo-1_part-mag_bold.nii,5,5
sub-03_task-EpiTest_echo-1_part-mag_bold.nii,5,5
sub-03_task-breathing_run-1_echo-1_part-mag_bold.nii,299,5
sub-03_task-breathing_run-2_echo-1_part-mag_bold.nii,299,5
sub-03_task-movie_run-1_echo-1_part-mag_bold.nii,299,5
sub-03_task-movie_run-2_echo-1_part-mag_bold.nii,299,5
sub-03_task-wnw_run-1_echo-1_part-mag_bold.nii,343,5
sub-03_task-wnw_run-2_echo-1_part-mag_bold.nii,343,5
sub-03_task-wnw_run-3_echo-1_part-mag_bold.nii,343,5
sub-04_task-EpiTestPA_echo-1_part-mag_bold.nii,5,5
sub-04_task-EpiTest_echo-1_part-mag_bold.nii,5,5
sub-04_task-breathing_run-1_echo-1_part-mag_bold.nii,299,5
sub-04_task-breathing_run-2_echo-1_part-mag_bold.nii,299,5
sub-04_task-movie_run-1_echo-1_part-mag_bold.nii,299,5
sub-04_task-movie_run-2_echo-1_part-mag_bold.nii,299,5
sub-04_task-wnw_run-1_echo-1_part-mag_bold.nii,345,5
sub-04_task-wnw_run-2_echo-1_part-mag_bold.nii,345,5
sub-04_task-wnw_run-3_echo-1_part-mag_bold.nii,345,5
sub-05_task-EpiTestPA_echo-1_part-mag_bold.nii,5,5
sub-05_task-EpiTest_echo-1_part-mag_bold.nii,5,5
sub-05_task-breathing_run-1_echo-1_part-mag_bold.nii,299,5
sub-05_task-breathing_run-2_echo-1_part-mag_bold.nii,299,5
sub-05_task-movie_run-1_echo-1_part-mag_bold.nii,299,5
sub-05_task-movie_run-2_echo-1_part-mag_bold.nii,299,5
sub-05_task-movie_run-3_echo-1_part-mag_bold.nii,299,5
sub-05_task-wnw_run-1_echo-1_part-mag_bold.nii,345,5
sub-05_task-wnw_run-2_echo-1_part-mag_bold.nii,345,5
sub-05_task-wnw_run-3_echo-1_part-mag_bold.nii,345,5
sub-06_task-EpiTestPA_echo-1_part-mag_bold.nii,5,5
sub-06_task-EpiTest_echo-1_part-mag_bold.nii,5,5
sub-06_task-breathing_run-1_echo-1_part-mag_bold.nii,299,5
sub-06_task-breathing_run-2_echo-1_part-mag_bold.nii,299,5
sub-06_task-movie_run-1_echo-1_part-mag_bold.nii,299,5
sub-06_task-movie_run-2_echo-1_part-mag_bold.nii,299,5
sub-06_task-wnw_run-1_echo-1_part-mag_bold.nii,345,5
sub-06_task-wnw_run-2_echo-1_part-mag_bold.nii,345,5
sub-06_task-wnw_run-3_echo-1_part-mag_bold.nii,345,5
sub-07_task-EpiTestPA_echo-1_part-mag_bold.nii,5,5
sub-07_task-EpiTest_echo-1_part-mag_bold.nii,5,5
sub-07_task-breathing_run-1_echo-1_part-mag_bold.nii,299,5
sub-07_task-breathing_run-2_echo-1_part-mag_bold.nii,299,5
sub-07_task-movie_run-1_echo-1_part-mag_bold.nii,299,5
sub-07_task-movie_run-2_echo-1_part-mag_bold.nii,299,5
sub-07_task-wnw_run-1_echo-1_part-mag_bold.nii,345,5
sub-07_task-wnw_run-2_echo-1_part-mag_bold.nii,345,5
sub-07_task-wnw_run-3_echo-1_part-mag_bold.nii,345,5
sub-08_task-EpiTestPA_echo-1_part-mag_bold.nii,5,5
sub-08_task-EpiTest_echo-1_part-mag_bold.nii,5,5
sub-08_task-breathing_run-1_echo-1_part-mag_bold.nii,299,5
sub-08_task-movie_run-1_echo-1_part-mag_bold.nii,299,5
sub-08_task-movie_run-2_echo-1_part-mag_bold.nii,299,5
sub-08_task-wnw_run-1_echo-1_part-mag_bold.nii,345,5
sub-08_task-wnw_run-2_echo-1_part-mag_bold.nii,345,5
sub-08_task-wnw_run-3_echo-1_part-mag_bold.nii,345,5
sub-09_task-EpiTestPA_echo-1_part-mag_bold.nii,5,5
sub-09_task-EpiTest_echo-1_part-mag_bold.nii,5,5
sub-09_task-breathing_run-1_echo-1_part-mag_bold.nii,299,5
sub-09_task-movie_run-1_echo-1_part-mag_bold.nii,299,5
sub-09_task-movie_run-2_echo-1_part-mag_bold.nii,299,5
sub-09_task-wnw_run-1_echo-1_part-mag_bold.nii,345,5
sub-09_task-wnw_run-2_echo-1_part-mag_bold.nii,345,5
sub-09_task-wnw_run-3_echo-1_part-mag_bold.nii,345,5
sub-10_task-EpiTestPA_echo-1_part-mag_bold.nii,5,5
sub-10_task-EpiTest_echo-1_part-mag_bold.nii,5,5
sub-10_task-breathing_run-1_echo-1_part-mag_bold.nii,299,5
sub-10_task-movie_run-1_echo-1_part-mag_bold.nii,299,5
sub-10_task-movie_run-2_echo-1_part-mag_bold.nii,299,5
sub-10_task-wnw_run-1_echo-1_part-mag_bold.nii,345,5
sub-10_task-wnw_run-2_echo-1_part-mag_bold.nii,345,5
sub-10_task-wnw_run-3_echo-1_part-mag_bold.nii,345,5
sub-11_task-EpiTestPA_echo-1_part-mag_bold.nii.gz,5,5
sub-11_task-EpiTest_echo-1_part-mag_bold.nii.gz,5,5
sub-11_task-breathing_run-1_echo-1_part-mag_bold.nii.gz,299,5
sub-11_task-breathing_run-2_echo-1_part-mag_bold.nii.gz,299,5
sub-11_task-movie_run-1_echo-1_part-mag_bold.nii.gz,299,5
sub-11_task-movie_run-2_echo-1_part-mag_bold.nii.gz,299,5
sub-11_task-movie_run-3_echo-1_part-mag_bold.nii.gz,299,5
sub-11_task-wnw_run-1_echo-1_part-mag_bold.nii.gz,345,5
sub-11_task-wnw_run-2_echo-1_part-mag_bold.nii.gz,345,5
sub-11_task-wnw_run-3_echo-1_part-mag_bold.nii.gz,345,5
sub-12_task-EpiTestPA_echo-1_part-mag_bold.nii,5,5
sub-12_task-EpiTest_echo-1_part-mag_bold.nii,5,5
sub-12_task-breathing_run-1_echo-1_part-mag_bold.nii,299,5
sub-12_task-breathing_run-2_echo-1_part-mag_bold.nii,299,5
sub-12_task-movie_run-1_echo-1_part-mag_bold.nii,299,5
sub-12_task-movie_run-2_echo-1_part-mag_bold.nii,299,5
sub-12_task-movie_run-3_echo-1_part-mag_bold.nii,299,5
sub-12_task-wnw_run-1_echo-1_part-mag_bold.nii,345,5
sub-12_task-wnw_run-2_echo-1_part-mag_bold.nii,345,5
sub-12_task-wnw_run-3_echo-1_part-mag_bold.nii,345,5
sub-13_task-EpiTest2_echo-1_part-mag_bold.nii,5,5
sub-13_task-EpiTestPA2_echo-1_part-mag_bold.nii,5,5
sub-13_task-EpiTestPA_echo-1_part-mag_bold.nii,5,5
sub-13_task-EpiTest_echo-1_part-mag_bold.nii,5,5
sub-13_task-breathing_run-1_echo-1_part-mag_bold.nii,299,5
sub-13_task-breathing_run-2_echo-1_part-mag_bold.nii,299,5
sub-13_task-movie_run-1_echo-1_part-mag_bold.nii,299,5
sub-13_task-movie_run-2_echo-1_part-mag_bold.nii,299,5
sub-13_task-wnw_run-1_echo-1_part-mag_bold.nii,345,5
sub-13_task-wnw_run-2_echo-1_part-mag_bold.nii,345,5
sub-13_task-wnw_run-3_echo-1_part-mag_bold.nii,345,5
sub-14_task-EpiTestPA_echo-1_part-mag_bold.nii,5,5
sub-14_task-EpiTest_echo-1_part-mag_bold.nii,5,5
sub-14_task-wnw_run-1_echo-1_part-mag_bold.nii,345,5
sub-14_task-wnw_run-2_echo-1_part-mag_bold.nii,345,5
sub-14_task-wnw_run-3_echo-1_part-mag_bold.nii,345,5
sub-15_task-EpiTestPA_echo-1_part-mag_bold.nii,5,5
sub-15_task-EpiTest_echo-1_part-mag_bold.nii,5,5
sub-15_task-breathing_run-1_echo-1_part-mag_bold.nii,299,5
sub-15_task-breathing_run-2_echo-1_part-mag_bold.nii,299,5
sub-15_task-movie_run-1_echo-1_part-mag_bold.nii,299,5
sub-15_task-movie_run-2_echo-1_part-mag_bold.nii,299,5
sub-15_task-wnw_run-1_echo-1_part-mag_bold.nii,345,5
sub-15_task-wnw_run-2_echo-1_part-mag_bold.nii,345,5
sub-15_task-wnw_run-3_echo-1_part-mag_bold.nii,345,5
sub-16_task-EpiTestPA_echo-1_part-mag_bold.nii,5,5
sub-16_task-EpiTest_echo-1_part-mag_bold.nii,5,5
sub-16_task-breathing_run-1_echo-1_part-mag_bold.nii,299,5
sub-16_task-breathing_run-2_echo-1_part-mag_bold.nii,299,5
sub-16_task-movie_run-1_echo-1_part-mag_bold.nii,299,5
sub-16_task-movie_run-2_echo-1_part-mag_bold.nii,299,5
sub-16_task-movie_run-3_echo-1_part-mag_bold.nii,299,5
sub-16_task-wnw_run-1_echo-1_part-mag_bold.nii,345,5
sub-16_task-wnw_run-2_echo-1_part-mag_bold.nii,345,5
sub-16_task-wnw_run-3_echo-1_part-mag_bold.nii,345,5
sub-17_task-EpiTestPA_echo-1_part-mag_bold.nii,5,5
sub-17_task-EpiTest_echo-1_part-mag_bold.nii,5,5
sub-17_task-breathing_run-1_echo-1_part-mag_bold.nii,299,5
sub-17_task-breathing_run-2_echo-1_part-mag_bold.nii,299,5
sub-17_task-movie_run-1_echo-1_part-mag_bold.nii,299,5
sub-17_task-movie_run-2_echo-1_part-mag_bold.nii,299,5
sub-17_task-wnw_run-1_echo-1_part-mag_bold.nii,345,5
sub-17_task-wnw_run-2_echo-1_part-mag_bold.nii,345,5
sub-17_task-wnw_run-3_echo-1_part-mag_bold.nii,345,5
sub-18_task-EpiTestPA_echo-1_part-mag_bold.nii,5,5
sub-18_task-EpiTest_echo-1_part-mag_bold.nii,5,5
sub-18_task-breathing_run-1_echo-1_part-mag_bold.nii,299,5
sub-18_task-breathing_run-2_echo-1_part-mag_bold.nii,299,5
sub-18_task-breathing_run-3_echo-1_part-mag_bold.nii,299,5
sub-18_task-movie_run-1_echo-1_part-mag_bold.nii,299,5
sub-18_task-movie_run-2_echo-1_part-mag_bold.nii,299,5
sub-18_task-movie_run-3_echo-1_part-mag_bold.nii,299,5
sub-18_task-wnw_run-1_echo-1_part-mag_bold.nii,345,5
sub-18_task-wnw_run-2_echo-1_part-mag_bold.nii,345,5
sub-18_task-wnw_run-3_echo-1_part-mag_bold.nii,345,5
sub-19_task-EpiTestPA_echo-1_part-mag_bold.nii,5,5
sub-19_task-EpiTest_echo-1_part-mag_bold.nii,5,5
sub-19_task-breathing_run-1_echo-1_part-mag_bold.nii,299,5
sub-19_task-movie_run-1_echo-1_part-mag_bold.nii,299,5
sub-19_task-movie_run-2_echo-1_part-mag_bold.nii,299,5
sub-19_task-wnw_run-1_echo-1_part-mag_bold.nii,345,5
sub-19_task-wnw_run-2_echo-1_part-mag_bold.nii,345,5
sub-19_task-wnw_run-3_echo-1_part-mag_bold.nii,345,5
sub-20_task-EpiTestPA_echo-1_part-mag_bold.nii,5,5
sub-20_task-EpiTest_echo-1_part-mag_bold.nii,5,5
sub-20_task-breathing_run-1_echo-1_part-mag_bold.nii,299,5
sub-20_task-breathing_run-2_echo-1_part-mag_bold.nii,299,5
sub-20_task-movie_run-1_echo-1_part-mag_bold.nii,299,5
sub-20_task-movie_run-2_echo-1_part-mag_bold.nii,299,5
sub-20_task-wnw_run-1_echo-1_part-mag_bold.nii,345,5
sub-20_task-wnw_run-2_echo-1_part-mag_bold.nii,345,5
sub-20_task-wnw_run-3_echo-1_part-mag_bold.nii,345,5
sub-21_task-EpiTestPA_echo-1_part-mag_bold.nii,5,5
sub-21_task-EpiTest_echo-1_part-mag_bold.nii,5,5
sub-21_task-breathing_run-1_echo-1_part-mag_bold.nii,299,5
sub-21_task-breathing_run-2_echo-1_part-mag_bold.nii,299,5
sub-21_task-breathing_run-3_echo-1_part-mag_bold.nii,299,5
sub-21_task-movie_run-1_echo-1_part-mag_bold.nii,299,5
sub-21_task-movie_run-2_echo-1_part-mag_bold.nii,299,5
sub-21_task-movie_run-3_echo-1_part-mag_bold.nii,299,5
sub-21_task-wnw_run-1_echo-1_part-mag_bold.nii,345,5
sub-21_task-wnw_run-2_echo-1_part-mag_bold.nii,345,5
sub-21_task-wnw_run-3_echo-1_part-mag_bold.nii,345,5
sub-22_task-EpiTestPA_echo-1_part-mag_bold.nii,5,5
sub-22_task-EpiTest_echo-1_part-mag_bold.nii,5,5
sub-22_task-breathing_run-1_echo-1_part-mag_bold.nii,299,5
sub-22_task-breathing_run-2_echo-1_part-mag_bold.nii,299,5
sub-22_task-movie_run-1_echo-1_part-mag_bold.nii,299,5
sub-22_task-movie_run-2_echo-1_part-mag_bold.nii,299,5
sub-22_task-wnw_run-1_echo-1_part-mag_bold.nii,345,5
sub-22_task-wnw_run-2_echo-1_part-mag_bold.nii,345,5
sub-22_task-wnw_run-3_echo-1_part-mag_bold.nii,345,5
sub-23_task-EpiTestPA_echo-1_part-mag_bold.nii,5,5
sub-23_task-EpiTest_echo-1_part-mag_bold.nii,5,5
sub-23_task-breathing_run-1_echo-1_part-mag_bold.nii,299,5
sub-23_task-breathing_run-2_echo-1_part-mag_bold.nii,299,5
sub-23_task-movie_run-1_echo-1_part-mag_bold.nii,299,5
sub-23_task-movie_run-2_echo-1_part-mag_bold.nii,299,5
sub-23_task-wnw_run-1_echo-1_part-mag_bold.nii,345,5
sub-23_task-wnw_run-2_echo-1_part-mag_bold.nii,345,5
sub-23_task-wnw_run-3_echo-1_part-mag_bold.nii,345,5
sub-24_task-EpiTestPA_echo-1_part-mag_bold.nii,5,5
sub-24_task-EpiTest_echo-1_part-mag_bold.nii,5,5
sub-24_task-breathing_run-1_echo-1_part-mag_bold.nii,299,5
sub-24_task-breathing_run-2_echo-1_part-mag_bold.nii,299,5
sub-24_task-movie_run-1_echo-1_part-mag_bold.nii,299,5
sub-24_task-movie_run-2_echo-1_part-mag_bold.nii,299,5
sub-24_task-movie_run-3_echo-1_part-mag_bold.nii,299,5
sub-24_task-wnw_run-1_echo-1_part-mag_bold.nii,345,5
sub-24_task-wnw_run-2_echo-1_part-mag_bold.nii,345,5
sub-24_task-wnw_run-3_echo-1_part-mag_bold.nii,345,5
sub-25_task-EpiTestPA_echo-1_part-mag_bold.nii,5,5
sub-25_task-EpiTest_echo-1_part-mag_bold.nii,5,5
sub-25_task-breathing_run-1_echo-1_part-mag_bold.nii,299,5
sub-25_task-movie_run-1_echo-1_part-mag_bold.nii,299,5
sub-25_task-movie_run-2_echo-1_part-mag_bold.nii,299,5
sub-25_task-wnw_run-1_echo-1_part-mag_bold.nii,345,5
sub-25_task-wnw_run-2_echo-1_part-mag_bold.nii,345,5
sub-25_task-wnw_run-3_echo-1_part-mag_bold.nii,345,5
